order_id,distance_km,parcel_count,traffic_level,hour,vehicle_capacity,planned_time_min,actual_time_min
ORD1001,10.9,66,Medium,12,100,51.4,54.9
ORD1002,8.2,5,High,8,100,30.7,52.5
ORD1003,21.1,31,Medium,19,75,70.8,77.1
ORD1004,10.2,66,Medium,8,50,43.1,53.3
ORD1005,8.5,7,Low,12,50,38.4,39.8
ORD1006,14.5,31,Low,19,75,51.5,55
ORD1007,5.2,13,Low,10,50,20.2,28.4
ORD1008,20.5,66,High,11,75,81.8,85.8
ORD1009,3.7,41,Medium,10,50,41.6,29.4
ORD1010,24.7,55,Medium,8,50,61,74.3
ORD1011,19.8,48,Low,8,100,67,65
ORD1012,6.6,28,High,19,100,24.7,44.6
ORD1013,2.1,63,High,19,50,37.1,45.6
ORD1014,20.8,36,Low,12,50,57.9,61.5
ORD1015,18.3,56,Low,13,100,47.1,53.6
ORD1016,18.8,66,Low,10,100,65,67.1
ORD1017,19.7,62,Low,19,100,65.3,64.5
ORD1018,3.7,56,Medium,16,75,33.6,38.3
ORD1019,10.2,16,Medium,12,50,29.8,39.8
ORD1020,4.7,43,Low,15,100,30.7,29.9
ORD1021,21.9,6,Medium,8,50,76.8,74.9
ORD1022,16.3,7,Low,12,75,50,50.1
ORD1023,9.6,60,Low,10,75,37.1,47.7
ORD1024,3.5,63,Medium,19,100,17.7,32.3
ORD1025,9.2,6,Medium,8,75,46.4,52.3
ORD1026,9.5,6,High,11,50,52.6,60.2
ORD1027,18.8,58,Low,12,100,72.8,70.7
ORD1028,16.7,5,Medium,14,50,50.1,60.1
ORD1029,22.4,23,Medium,8,50,63.8,71.3
ORD1030,12.9,6,Low,10,75,47.1,44.4
ORD1031,4.8,57,Medium,9,75,56.9,45.6
ORD1032,18.4,48,Low,16,75,64.9,58.1
ORD1033,19.5,36,Low,17,75,61.6,59.2
ORD1034,14.9,36,High,13,75,47.1,59.4
ORD1035,19.7,59,High,17,100,62.7,78.1
ORD1036,13.4,60,High,10,50,77.8,77.2
ORD1037,14,21,Low,15,50,45.8,45.5
ORD1038,11.8,42,Low,15,50,39.7,44.8
ORD1039,2.6,28,Medium,9,50,29,32.1
ORD1040,4.5,15,Medium,13,75,13.6,24.1
ORD1041,2.7,20,Low,14,50,29.2,28
ORD1042,16.6,63,Medium,9,100,61.9,72.5
ORD1043,9.2,7,Low,18,100,35.4,36.5
ORD1044,13.7,24,High,17,50,61.5,71.3
ORD1045,22.9,63,Low,9,50,66,66.8
ORD1046,7.7,40,Medium,17,100,54.5,52.6
ORD1047,11.4,23,Low,8,100,20.1,38.4
ORD1048,19.4,23,Medium,15,75,47,58.5
ORD1049,7.3,24,Medium,8,100,49.8,38.5
ORD1050,3.8,56,Low,16,75,42,41.4
ORD1051,8.7,37,High,18,75,42.2,54.8
ORD1052,5.7,44,High,13,75,51.8,45.2
ORD1053,23.4,43,High,14,75,71.2,80.4
ORD1054,20.6,5,High,17,75,65.3,73.6
ORD1055,16.6,15,Medium,14,50,50.2,47.6
ORD1056,22,61,High,17,100,77.7,80.7
ORD1057,20.5,54,Low,10,75,88.2,74.5
ORD1058,6.3,27,Low,9,100,21.5,38.7
ORD1059,22.5,35,Low,16,100,66.4,66.9
ORD1060,14.4,46,Low,15,75,40.8,50.2
